Side[S]	Cube	Blob	BlobSize	OptScore	Kval	Score	Time
7	c2x2x3	C15x15x23	5175	1059	343	1059	2601.6
3	c4x4x6	C15x15x23	5175	2583	27	2640	8594.8
8	c1x1x9	C8x8x80	5120	512	512	512	90.6
3	c3x4x8	C11x15x31	5115	2523	27	2535	9603.6
4	c1x6x9	C4x29x44	5104	1648	64	1680	6001.6
5	c2x6x7	C11x35x41	15785	5285	125	5474	18122.1
3	c2x7x7	C7x27x27	5103	2457	27	2506	7190.3
2	c5x5x9	C14x14x26	5096	3296	8	3389	7610.7
5	c1x5x6	C5x29x35	5075	1325	125	1335	5845.1
2	c4x7x8	C11x20x23	5060	3268	8	3338	8770.8
4	c3x4x4	C14x19x19	5054	1982	64	2006	7258.7
1	c1x2x7	C1x3x13	39	25	1	25	0.0
5	c1x3x10	C5x17x59	5015	1265	125	1285	5658.5
7	c1x3x4	C7x23x31	4991	875	343	875	4626.1
3	c2x6x8	C7x23x31	4991	2399	27	2456	7358.8
5	c2x2x7	C11x11x41	4961	1461	125	1480	8003.0
9	c1x2x3	C9x19x29	4959	585	729	585	50.8
4	c2x4x6	C9x19x29	4959	1887	64	1907	8289.0
7	c1x2x6	C7x15x47	4935	819	343	819	1187.1
6	c1x3x6	C6x20x41	4920	1032	216	1032	3632.1
4	c2x3x8	C9x14x39	4914	1842	64	1878	7404.9
2	c6x6x6	C17x17x17	4913	3185	8	3269	11029.5
8	c2x2x2	C17x17x17	4913	817	512	817	4607.1
1	c9x9x9	C17x17x17	4913	4184	1	4200	5194.3
5	c3x3x3	C17x17x17	4913	1538	125	1538	8052.1
2	c4x6x9	C11x17x26	4862	3134	8	3193	13090.6
1	c1x3x4	C1x5x7	35	23	1	23	750.0
1	c8x9x10	C15x17x19	4845	4125	1	4139	5635.1
6	c1x2x9	C6x13x62	4836	948	216	948	2048.5
3	c3x5x6	C11x19x23	4807	2377	27	2426	8377.7
2	c3x8x9	C8x23x26	4784	3056	8	3118	7721.7
9	c1x1x6	C9x9x59	4779	405	729	405	48.5
2	c5x6x7	C14x17x20	4760	3080	8	3153	8567.1
8	c1x2x4	C8x17x35	4760	664	512	664	3667.2
1	c1x2x6	C1x3x11	33	21	1	21	750.0
2	c1x1x3	C2x2x8	32	8	8	8	0.0
3	c3x3x10	C11x11x39	4719	2289	27	2316	8751.3
5	c1x4x7	C5x23x41	4715	1215	125	1215	5643.2
4	c3x3x5	C14x14x24	4704	1824	64	1832	8395.8
4	c1x5x10	C4x24x49	4704	1504	64	1527	5184.0
1	c7x10x10	C13x19x19	4693	3993	1	4007	6741.0
3	c2x5x9	C7x19x35	4655	2225	27	2269	6804.6
2	c3x7x10	C8x20x29	4640	2960	8	3007	7467.9
4	c1x7x7	C4x34x34	4624	1488	64	1528	5848.7
5	c1x9x10	C5x53x59	15635	4385	125	4559	11332.4
3	c1x10x10	C3x39x39	4563	1863	27	1912	6813.3
6	c2x2x4	C13x13x27	4563	1107	216	1107	6490.8
8	c1x1x8	C8x8x71	4544	448	512	448	48.8
4	c1x6x8	C4x29x39	4524	1452	64	1480	6017.1
2	c8x9x9	C23x26x26	15548	10364	8	10710	19271.0
2	c5x5x8	C14x14x23	4508	2908	8	2974	8498.4
5	c1x3x9	C5x17x53	4505	1130	125	1155	5042.3
1	c2x2x2	C3x3x3	27	19	1	19	750.0
1	c1x2x5	C1x3x9	27	17	1	17	750.0
4	c4x5x7	C19x24x34	15504	6544	64	6903	16576.7
2	c4x5x10	C11x14x29	4466	2866	8	2921	8627.6
3	c3x4x7	C11x15x27	4455	2187	27	2222	7869.0
10	c1x2x2	C10x21x21	4410	410	1000	410	2520.3
2	c4x7x7	C11x20x20	4400	2832	8	2881	10768.9
6	c1x4x4	C6x27x27	4374	918	216	918	3127.0
1	c1x3x3	C1x5x5	25	16	1	16	0.0
3	c2x6x7	C7x23x27	4347	2079	27	2124	6590.4
8	c1x5x5	C8x44x44	15488	2688	512	2768	10346.8
1	c8x9x9	C15x17x17	4335	3687	1	3700	5732.5
2	c4x6x8	C11x17x23	4301	2765	8	2825	7569.6
5	c2x3x4	C11x17x23	4301	1301	125	1301	4983.3
10	c1x1x4	C10x10x43	4300	300	1000	300	2519.5
8	c2x3x4	C17x26x35	15470	3182	512	3254	12013.6
6	c1x2x8	C6x13x55	4290	834	216	834	1180.3
4	c2x3x7	C9x14x34	4284	1596	64	1596	4393.2
3	c4x4x5	C15x15x19	4275	2115	27	2167	9454.8
1	c8x8x10	C15x15x19	4275	3635	1	3648	5078.4
7	c1x6x6	C7x47x47	15463	3115	343	3231	11157.7
3	c3x3x9	C11x11x35	4235	2048	27	2072	7484.2
5	c2x2x6	C11x11x35	4235	1235	125	1235	3886.1
2	c3x8x8	C8x23x23	4232	2696	8	2755	9199.2
4	c2x8x9	C9x39x44	15444	6228	64	6445	15137.6
4	c1x5x9	C4x24x44	4224	1344	64	1363	6898.6
2	c2x10x10	C5x29x29	4205	2605	8	2659	6168.0
5	c1x5x5	C5x29x29	4205	1080	125	1080	4325.6
1	c7x9x10	C13x17x19	4199	3569	1	3584	5925.8
2	c3x7x9	C8x20x26	4160	2648	8	2693	7428.1
3	c2x5x8	C7x19x31	4123	1963	27	1992	6354.8
1	c1x2x4	C1x3x7	21	13	1	13	0.0
2	c1x1x2	C2x2x5	20	4	8	4	750.0
4	c2x4x5	C9x19x24	4104	1544	64	1569	7411.9
7	c1x4x9	C7x31x71	15407	3059	343	3155	10229.2
7	c1x2x5	C7x15x39	4095	665	343	665	4100.7
3	c2x4x10	C7x15x39	4095	1935	27	1967	6197.0
3	c1x9x10	C3x35x39	4095	1665	27	1689	6064.6
6	c1x3x5	C6x20x34	4080	840	216	840	5206.8
2	c5x6x6	C14x17x17	4046	2606	8	2667	7263.9
5	c1x4x6	C5x23x35	4025	1025	125	1025	5642.0
2	c4x5x9	C11x14x26	4004	2564	8	2607	7872.8
5	c1x3x8	C5x17x47	3995	995	125	995	903.8
3	c3x5x5	C11x19x19	3971	1946	27	1976	5589.0
1	c6x10x10	C11x19x19	3971	3371	1	3382	5294.6
9	c1x1x5	C9x9x49	3969	324	729	324	2033.5
4	c2x2x10	C9x9x49	3969	1409	64	1421	4873.9
8	c1x1x7	C8x8x62	3968	384	512	384	2035.1
9	c1x3x6	C9x29x59	15399	2277	729	2376	9123.2
1	c1x1x10	C1x1x19	19	9	1	9	1125.0
2	c3x6x10	C8x17x29	3944	2504	8	2543	7172.2
4	c1x6x7	C4x29x34	3944	1256	64	1276	5416.6
2	c5x5x7	C14x14x20	3920	2520	8	2571	7605.5
7	c1x1x10	C7x7x79	3871	441	343	441	2541.6
2	c8x8x10	C23x23x29	15341	10221	8	10594	23864.3
1	c8x8x9	C15x15x17	3825	3249	1	3257	5493.3
3	c3x4x6	C11x15x23	3795	1851	27	1869	6758.5
5	c4x4x5	C23x23x29	15341	5341	125	5598	17044.3
2	c2x9x10	C5x26x29	3770	2330	8	2374	7987.3
1	c7x9x9	C13x17x17	3757	3190	1	3200	5692.1
1	c1x1x9	C1x1x17	17	8	1	8	750.0
3	c3x3x8	C11x11x31	3751	1807	27	1828	7021.5
4	c1x5x8	C4x24x39	3744	1184	64	1203	4771.2
6	c1x2x7	C6x13x48	3744	720	216	720	648.5
2	c4x6x7	C11x17x20	3740	2396	8	2431	6679.7
8	c2x2x6	C17x17x53	15317	3029	512	3117	11014.1
4	c3x3x4	C14x14x19	3724	1420	64	1428	6711.0
4	c1x4x10	C4x19x49	3724	1164	64	1180	4528.6
1	c7x8x10	C13x15x19	3705	3145	1	3154	4663.4
7	c1x3x3	C7x23x23	3703	616	343	616	147.8
3	c2x6x6	C7x23x23	3703	1759	27	1780	6882.5
5	c3x3x9	C17x17x53	15317	5192	125	5413	15022.0
2	c3x7x8	C8x20x23	3680	2336	8	2377	6847.1
3	c2x4x9	C7x15x35	3675	1731	27	1757	6379.3
3	c1x9x9	C3x35x35	3675	1488	27	1522	5717.4
4	c2x3x6	C9x14x29	3654	1350	64	1370	5433.1
3	c5x6x9	C19x23x35	15295	8005	27	8406	16828.8
3	c1x8x10	C3x31x39	3627	1467	27	1502	5796.2
3	c2x5x7	C7x19x27	3591	1701	27	1721	7045.0
1	c1x2x3	C1x3x5	15	9	1	9	750.0
1	c1x1x8	C1x1x15	15	7	1	7	0.0
4	c2x2x9	C9x9x44	3564	1260	64	1268	5129.4
1	c6x9x10	C11x17x19	3553	3013	1	3026	4220.9
2	c4x5x8	C11x14x23	3542	2262	8	2292	5476.2
2	c3x6x9	C8x17x26	3536	2240	8	2280	5887.4
8	c1x2x3	C8x17x26	3536	464	512	464	2646.9
2	c4x4x10	C11x11x29	3509	2229	8	2255	5126.9
5	c2x2x5	C11x11x29	3509	1009	125	1009	1388.0
1	c1x1x7	C1x1x13	13	6	1	6	750.0
1	c1x1x6	C1x1x11	11	5	1	5	0.0
1	c1x2x2	C1x3x3	9	5	1	5	0.0
1	c1x1x5	C1x1x9	9	4	1	4	750.0
1	c1x1x4	C1x1x7	7	3	1	3	0.0
1	c1x1x3	C1x1x5	5	2	1	2	0.0
5	c1x3x7	C5x17x41	3485	860	125	860	4889.6
7	c1x1x9	C7x7x71	3479	392	343	392	2565.7
6	c1x6x9	C6x41x62	15252	3588	216	3730	10152.4
8	c1x1x6	C8x8x53	3392	320	512	320	13.9
9	c1x2x9	C9x19x89	15219	2097	729	2148	9441.0
2	c2x9x9	C5x26x26	3380	2084	8	2122	5873.9
6	c2x2x3	C13x13x20	3380	788	216	788	316.9
7	c2x2x2	C15x15x15	3375	631	343	631	533.9
3	c4x4x4	C15x15x15	3375	1647	27	1665	6533.9
1	c8x8x8	C15x15x15	3375	2863	1	2869	4620.5
4	c1x6x6	C4x29x29	3364	1060	64	1068	5685.1
4	c1x4x9	C4x19x44	3344	1040	64	1048	5622.4
2	c2x8x10	C5x23x29	3335	2055	8	2087	5555.9
5	c1x4x5	C5x23x29	3335	835	125	835	1260.8
2	c5x5x6	C14x14x17	3332	2132	8	2173	7134.9
2	c7x9x10	C20x26x29	15080	10040	8	10376	20373.7
1	c7x8x9	C13x15x17	3315	2811	1	2817	4789.8
3	c3x3x7	C11x11x27	3267	1566	27	1589	6249.4
4	c1x5x7	C4x24x34	3264	1024	64	1024	5352.5
6	c2x5x5	C13x34x34	15028	4228	216	4405	15192.8
7	c1x2x4	C7x15x31	3255	511	343	511	3046.6
3	c2x4x8	C7x15x31	3255	1527	27	1553	6446.6
3	c1x8x9	C3x31x35	3255	1311	27	1339	5511.2
9	c1x2x2	C9x19x19	3249	333	729	333	13.5
4	c2x4x4	C9x19x19	3249	1201	64	1201	3629.7
1	c5x10x10	C9x19x19	3249	2749	1	2756	4474.9
2	c3x5x10	C8x14x29	3248	2048	8	2079	5911.7
7	c1x5x7	C7x39x55	15015	3010	343	3083	10450.3
5	c1x2x10	C5x11x59	3245	745	125	745	4632.2
6	c1x3x4	C6x20x27	3240	648	216	648	3583.1
1	c7x7x10	C13x13x19	3211	2721	1	2727	4454.0
3	c3x9x10	C11x35x39	15015	7725	27	8040	19176.7
2	c3x7x7	C8x20x20	3200	2024	8	2040	6740.0
10	c1x1x3	C10x10x32	3200	200	1000	200	14.3
6	c1x2x6	C6x13x41	3198	606	216	606	3102.1
2	c4x6x6	C11x17x17	3179	2027	8	2066	5849.9
1	c6x9x9	C11x17x17	3179	2693	1	2701	4258.0
5	c2x3x3	C11x17x17	3179	929	125	929	1855.7
9	c1x1x4	C9x9x39	3159	243	729	243	2033.5
4	c2x2x8	C9x9x39	3159	1111	64	1111	1667.5
4	c2x7x10	C9x34x49	14994	6034	64	6249	14292.4
3	c1x7x10	C3x27x39	3159	1269	27	1290	5774.5
2	c4x4x9	C11x11x26	3146	1994	8	2023	6344.9
3	c3x4x5	C11x15x19	3135	1515	27	1530	7817.0
1	c6x8x10	C11x15x19	3135	2655	1	2662	4895.3
2	c3x6x8	C8x17x23	3128	1976	8	2000	7223.4
5	c2x5x8	C11x29x47	14993	4993	125	5191	14940.6
7	c1x1x8	C7x7x63	3087	343	343	343	24.5
2	c4x5x7	C11x14x20	3080	1960	8	1996	5628.7
3	c2x5x6	C7x19x23	3059	1439	27	1463	6149.4
4	c2x3x5	C9x14x24	3024	1104	64	1104	4659.3
5	c2x4x10	C11x23x59	14927	4927	125	5089	17561.7
3	c2x3x10	C7x11x39	3003	1383	27	1398	5329.2
2	c2x8x9	C5x23x26	2990	1838	8	1872	5889.4
5	c1x3x6	C5x17x35	2975	725	125	725	4103.0
4	c1x4x8	C4x19x39	2964	916	64	928	5257.4
1	c7x8x8	C13x15x15	2925	2477	1	2482	4716.7
5	c1x2x9	C5x11x53	2915	665	125	665	1250.1
2	c3x5x9	C8x14x26	2912	1832	8	1864	7419.0
1	c5x9x10	C9x17x19	2907	2457	1	2465	4860.5
2	c2x7x10	C5x20x29	2900	1780	8	1812	5763.3
3	c1x8x8	C3x31x31	2883	1155	27	1167	5848.7
1	c7x7x9	C13x13x17	2873	2432	1	2436	4830.5
8	c1x4x6	C8x35x53	14840	2552	512	2632	7918.2
3	c2x4x7	C7x15x27	2835	1323	27	1331	5847.8
3	c1x7x9	C3x27x35	2835	1134	27	1155	5300.3
8	c1x1x5	C8x8x44	2816	256	512	256	2032.8
1	c6x8x9	C11x15x17	2805	2373	1	2378	3942.2
4	c1x5x6	C4x24x29	2784	864	64	876	4891.4
2	c4x4x8	C11x11x23	2783	1759	8	1763	6865.6
3	c3x3x6	C11x11x23	2783	1325	27	1331	5787.1
5	c2x2x4	C11x11x23	2783	783	125	783	458.2
4	c3x5x9	C14x24x44	14784	6144	64	6448	18063.1
4	c2x2x7	C9x9x34	2754	962	64	962	3615.3
2	c5x5x5	C14x14x14	2744	1744	8	1763	6808.1
4	c3x3x3	C14x14x14	2744	1016	64	1016	1800.6
8	c1x3x8	C8x26x71	14768	2480	512	2552	9886.4
4	c1x3x10	C4x14x49	2744	824	64	824	4570.0
2	c3x6x7	C8x17x20	2720	1712	8	1739	4944.7
1	c6x7x10	C11x13x19	2717	2297	1	2301	4546.4
6	c3x4x4	C20x27x27	14580	4212	216	4349	18023.9
7	c1x1x7	C7x7x55	2695	294	343	294	12.7
3	c2x3x9	C7x11x35	2695	1237	27	1253	5379.6
3	c1x6x10	C3x23x39	2691	1071	27	1079	5686.7
6	c1x2x5	C6x13x34	2652	492	216	492	3150.4
2	c2x8x8	C5x23x23	2645	1621	8	1645	5571.2
5	c1x4x4	C5x23x23	2645	645	125	645	4378.6
2	c4x5x6	C11x14x17	2618	1658	8	1680	5386.2
1	c5x9x9	C9x17x17	2601	2196	1	2198	5231.1
2	c2x7x9	C5x20x26	2600	1592	8	1608	5476.8
5	c1x2x8	C5x11x47	2585	585	125	585	3078.9
4	c1x4x7	C4x19x34	2584	792	64	792	4256.6
2	c3x5x8	C8x14x23	2576	1616	8	1637	6326.6
1	c5x8x10	C9x15x19	2565	2165	1	2169	4910.4
2	c3x4x10	C8x11x29	2552	1592	8	1615	4926.4
1	c7x7x8	C13x13x15	2535	2143	1	2146	4683.5
3	c2x5x5	C7x19x19	2527	1177	27	1185	6089.4
1	c4x10x10	C7x19x19	2527	2127	1	2132	5050.9
3	c1x7x8	C3x27x31	2511	999	27	1014	4664.7
7	c2x4x4	C15x31x31	14415	3439	343	3543	12898.1
6	c1x1x10	C6x6x69	2484	324	216	324	2538.0
3	c3x4x4	C11x15x15	2475	1179	27	1179	6741.6
3	c4x8x8	C15x31x31	14415	7503	27	7861	18520.0
1	c6x8x8	C11x15x15	2475	2091	1	2095	4107.1
2	c2x6x10	C5x17x29	2465	1505	8	1528	4390.4
5	c1x3x5	C5x17x29	2465	590	125	590	3647.5
4	c1x3x9	C4x14x44	2464	736	64	736	3886.8
6	c2x4x6	C13x27x41	14391	4023	216	4174	11768.0
6	c2x3x8	C13x20x55	14300	3932	216	4036	12523.1
1	c6x7x9	C11x13x17	2431	2053	1	2056	4461.4
2	c4x4x7	C11x11x20	2420	1524	8	1544	5020.0
2	c6x10x10	C17x29x29	14297	9497	8	9816	18734.8
7	c1x2x3	C7x15x23	2415	357	343	357	2035.9
3	c2x4x6	C7x15x23	2415	1119	27	1127	4990.2
3	c1x6x9	C3x23x35	2415	957	27	969	4677.1
6	c1x3x3	C6x20x20	2400	456	216	456	86.1
4	c2x3x4	C9x14x19	2394	858	64	858	5004.6
5	c3x5x5	C17x29x29	14297	4922	125	5114	13849.2
3	c2x3x8	C7x11x31	2387	1091	27	1103	5170.4
3	c6x6x7	C23x23x27	14283	7479	27	7837	16019.7
9	c1x1x3	C9x9x29	2349	162	729	162	2032.6
4	c2x2x6	C9x9x29	2349	813	64	813	450.1
2	c3x6x6	C8x17x17	2312	1448	8	1460	5271.6
8	c1x2x2	C8x17x17	2312	264	512	264	7.2
4	c1x5x5	C4x24x24	2304	704	64	704	4464.9
7	c1x1x6	C7x7x47	2303	245	343	245	7.1
2	c2x7x8	C5x20x23	2300	1404	8	1424	4763.0
3	c3x3x5	C11x11x19	2299	1084	27	1084	1721.6
1	c6x6x10	C11x11x19	2299	1939	1	1942	4533.6
7	c2x2x8	C15x15x63	14175	3199	343	3269	11660.4
1	c5x8x9	C9x15x17	2295	1935	1	1939	4666.0
2	c3x4x9	C8x11x26	2288	1424	8	1436	4878.5
3	c4x7x9	C15x27x35	14175	7371	27	7729	14205.4
1	c4x9x10	C7x17x19	2261	1901	1	1905	4556.5
5	c1x2x7	C5x11x41	2255	505	125	505	104.8
2	c3x5x7	C8x14x20	2240	1400	8	1414	4449.5
8	c1x1x4	C8x8x35	2240	192	512	192	8.0
10	c2x2x3	C21x21x32	14112	2112	1000	2132	10016.3
6	c1x1x9	C6x6x62	2232	288	216	288	10.9
3	c1x5x10	C3x19x39	2223	873	27	873	4679.1
1	c5x7x10	C9x13x19	2223	1873	1	1876	4661.4
2	c2x6x9	C5x17x26	2210	1346	8	1367	4913.6
9	c2x2x4	C19x19x39	14079	2415	729	2496	12351.9
4	c1x4x6	C4x19x29	2204	668	64	668	4521.9
6	c2x2x2	C13x13x13	2197	469	216	469	2624.6
1	c7x7x7	C13x13x13	2197	1854	1	1857	4462.9
3	c1x7x7	C3x27x27	2187	864	27	876	5234.2
4	c4x4x8	C19x19x39	14079	5887	64	6219	17663.0
4	c1x3x8	C4x14x39	2184	648	64	648	851.0
3	c5x5x10	C19x19x39	14079	7329	27	7697	18503.2
2	c4x5x5	C11x14x14	2156	1356	8	1362	6097.4
1	c6x7x8	C11x13x15	2145	1809	1	1811	4122.3
6	c1x5x10	C6x34x69	14076	3276	216	3396	9014.8
3	c1x6x8	C3x23x31	2139	843	27	851	5739.7
5	c1x9x9	C5x53x53	14045	3920	125	4060	12388.8
6	c1x2x4	C6x13x27	2106	378	216	378	22.9
10	c1x1x2	C10x10x21	2100	100	1000	100	2032.8
3	c2x3x7	C7x11x27	2079	945	27	951	5520.7
2	c4x4x6	C11x11x17	2057	1289	8	1295	6172.7
5	c2x2x3	C11x11x17	2057	557	125	557	122.6
1	c6x6x9	C11x11x17	2057	1733	1	1735	4456.6
5	c1x8x10	C5x47x59	13865	3865	125	3985	12454.2
2	c2x5x10	C5x14x29	2030	1230	8	1243	4806.1
3	c5x7x7	C19x27x27	13851	7236	27	7577	21077.7
1	c5x8x8	C9x15x15	2025	1705	1	1708	4377.7
2	c3x4x8	C8x11x23	2024	1256	8	1266	5070.1
1	c4x9x9	C7x17x17	2023	1699	1	1702	4133.2
4	c5x5x5	C24x24x24	13824	5824	64	6120	15926.4
2	c2x7x7	C5x20x20	2000	1216	8	1225	4607.7
3	c2x4x5	C7x15x19	1995	915	27	915	4089.3
3	c1x5x9	C3x19x35	1995	780	27	792	4322.7
1	c4x8x10	C7x15x19	1995	1675	1	1678	4280.0
1	c5x7x9	C9x13x17	1989	1674	1	1675	4347.0
6	c1x7x7	C6x48x48	13824	3240	216	3366	12523.8
6	c1x1x8	C6x6x55	1980	252	216	252	5.6
2	c2x6x8	C5x17x23	1955	1187	8	1197	4761.2
5	c1x3x4	C5x17x23	1955	455	125	455	36.9
4	c2x2x5	C9x9x24	1944	664	64	664	152.6
4	c3x6x7	C14x29x34	13804	5740	64	6024	15677.8
5	c1x2x6	C5x11x35	1925	425	125	425	25.4
10	c1x3x4	C10x32x43	13760	1760	1000	1760	6145.6
7	c1x1x5	C7x7x39	1911	196	343	196	5.9
3	c2x2x10	C7x7x39	1911	831	27	843	4081.5
2	c8x8x9	C23x23x26	13754	9146	8	9482	18096.3
2	c3x5x6	C8x14x17	1904	1184	8	1194	5035.7
4	c1x3x7	C4x14x34	1904	560	64	560	993.1
1	c5x6x10	C9x11x19	1881	1581	1	1582	4581.1
9	c1x4x4	C9x39x39	13689	2025	729	2124	7064.3
4	c2x8x8	C9x39x39	13689	5497	64	5724	15468.2
3	c1x6x7	C3x23x27	1863	729	27	729	3523.4
1	c6x7x7	C11x13x13	1859	1565	1	1566	4623.8
2	c3x3x10	C8x8x29	1856	1136	8	1136	3576.5
5	c3x4x6	C17x23x35	13685	4685	125	4863	14874.3
7	c1x4x8	C7x31x63	13671	2695	343	2772	9447.5
4	c1x4x5	C4x19x24	1824	544	64	544	375.6
2	c2x5x9	C5x14x26	1820	1100	8	1110	4486.3
10	c1x2x6	C10x21x65	13650	1650	1000	1670	8207.8
3	c3x3x4	C11x11x15	1815	843	27	843	4045.0
1	c6x6x8	C11x11x15	1815	1527	1	1528	4354.1
1	c3x10x10	C5x19x19	1805	1505	1	1508	4461.1
1	c4x8x9	C7x15x17	1785	1497	1	1499	4796.6
3	c2x3x6	C7x11x23	1771	799	27	799	4746.8
3	c1x5x8	C3x19x31	1767	687	27	693	4398.2
4	c2x3x3	C9x14x14	1764	612	64	612	496.2
4	c1x2x10	C4x9x49	1764	484	64	484	84.2
2	c3x4x7	C8x11x20	1760	1088	8	1092	5277.8
3	c1x4x10	C3x15x39	1755	675	27	675	3007.6
1	c5x7x8	C9x13x15	1755	1475	1	1476	4321.8
6	c3x3x5	C20x20x34	13600	3880	216	4010	11641.8
1	c4x7x10	C7x13x19	1729	1449	1	1450	3980.6
6	c1x1x7	C6x6x48	1728	216	216	216	4.3
3	c2x2x9	C7x7x35	1715	743	27	743	1751.6
5	c3x3x8	C17x17x47	13583	4583	125	4749	12492.0
2	c2x6x7	C5x17x20	1700	1028	8	1034	4257.6
2	c4x4x5	C11x11x14	1694	1054	8	1058	5569.0
3	c5x6x8	C19x23x31	13547	7067	27	7391	15198.3
1	c5x6x9	C9x11x17	1683	1413	1	1414	4188.6
2	c1x10x10	C2x29x29	1682	882	8	892	5129.4
2	c3x3x9	C8x8x26	1664	1016	8	1020	5109.2
8	c1x1x3	C8x8x26	1664	128	512	128	5.1
6	c1x6x8	C6x41x55	13530	3162	216	3274	9488.5
2	c7x9x9	C20x26x26	13520	8984	8	9301	15965.3
9	c1x2x8	C9x19x79	13509	1845	729	1845	7535.3
4	c1x3x6	C4x14x29	1624	472	64	472	61.7
3	c3x9x9	C11x35x35	13475	6914	27	7203	13144.6
1	c3x9x10	C5x17x19	1615	1345	1	1345	4792.1
2	c2x5x8	C5x14x23	1610	970	8	980	4463.8
5	c2x6x6	C11x35x35	13475	4475	125	4658	11613.2
2	c2x4x10	C5x11x29	1595	955	8	965	4473.7
4	c2x7x9	C9x34x44	13464	5400	64	5603	13037.0
5	c1x2x5	C5x11x29	1595	345	125	345	10.1
3	c1x6x6	C3x23x23	1587	615	27	615	4051.0
4	c1x2x9	C4x9x44	1584	432	64	432	211.3
7	c1x2x2	C7x15x15	1575	203	343	203	2032.4
7	c2x3x5	C15x23x39	13455	3165	343	3255	12719.3
3	c2x4x4	C7x15x15	1575	711	27	711	4226.5
3	c1x4x9	C3x15x35	1575	603	27	603	4296.8
1	c4x8x8	C7x15x15	1575	1319	1	1319	4614.2
1	c6x6x7	C11x11x13	1573	1321	1	1321	3924.0
3	c4x6x10	C15x23x39	13455	6975	27	7327	14435.2
2	c3x5x5	C8x14x14	1568	968	8	968	4208.1
6	c1x2x3	C6x13x20	1560	264	216	264	2040.5
1	c4x7x9	C7x13x17	1547	1295	1	1296	4120.7
9	c1x1x2	C9x9x19	1539	81	729	81	2032.1
4	c2x2x4	C9x9x19	1539	515	64	515	103.1
3	c1x5x7	C3x19x27	1539	594	27	594	1366.6
1	c5x5x10	C9x9x19	1539	1289	1	1289	2762.5
5	c2x4x9	C11x23x53	13409	4409	125	4522	15679.1
2	c7x8x10	C20x23x29	13340	8860	8	9181	16625.0
1	c5x7x7	C9x13x13	1521	1276	1	1276	3821.7
7	c1x1x4	C7x7x31	1519	147	343	147	2032.3
3	c2x2x8	C7x7x31	1519	655	27	655	4476.6
2	c1x9x10	C2x26x29	1508	788	8	792	4281.4
2	c3x4x6	C8x11x17	1496	920	8	924	4659.7
3	c3x8x10	C11x31x39	13299	6819	27	7087	14623.4
1	c5x6x8	C9x11x15	1485	1245	1	1245	4241.3
6	c1x1x6	C6x6x41	1476	180	216	180	2033.1
5	c1x1x10	C5x5x59	1475	225	125	225	2035.6
2	c3x3x8	C8x8x23	1472	896	8	900	4457.5
3	c2x3x5	C7x11x19	1463	653	27	653	3748.5
1	c4x6x10	C7x11x19	1463	1223	1	1223	2484.3
2	c2x6x6	C5x17x17	1445	869	8	875	4408.7
5	c1x3x3	C5x17x17	1445	320	125	320	2050.9
1	c3x9x9	C5x17x17	1445	1202	1	1204	4211.0
4	c1x4x4	C4x19x19	1444	420	64	420	178.2
2	c2x4x9	C5x11x26	1430	854	8	858	4252.8
1	c3x8x10	C5x15x19	1425	1185	1	1185	1587.8
4	c1x2x8	C4x9x39	1404	380	64	380	120.3
4	c4x5x6	C19x24x29	13224	5544	64	5815	16024.7
2	c2x5x7	C5x14x20	1400	840	8	848	4687.6
3	c1x4x8	C3x15x31	1395	531	27	531	654.2
3	c5x7x9	C19x27x35	17955	9450	27	9879	23395.6
1	c5x5x9	C9x9x17	1377	1152	1	1152	2995.2
1	c4x7x8	C7x13x15	1365	1141	1	1142	3851.6
4	c3x5x8	C14x24x39	13104	5424	64	5668	13052.2
2	c1x9x9	C2x26x26	1352	704	8	710	4822.0
4	c1x3x5	C4x14x24	1344	384	64	384	3055.9
5	c2x5x7	C11x29x41	13079	4329	125	4497	12110.4
2	c1x8x10	C2x23x29	1334	694	8	698	4538.6
2	c4x4x4	C11x11x11	1331	819	8	819	4430.1
3	c3x3x3	C11x11x11	1331	602	27	602	3236.9
5	c2x2x2	C11x11x11	1331	331	125	331	4.4
1	c6x6x6	C11x11x11	1331	1115	1	1115	4423.2
5	c1x1x9	C5x5x53	1325	200	125	200	5.0
3	c2x2x7	C7x7x27	1323	567	27	567	475.8
3	c1x5x6	C3x19x23	1311	501	27	501	4112.6
4	c3x4x10	C14x19x49	13034	5354	64	5602	15330.9
1	c4x6x9	C7x11x17	1309	1093	1	1093	2578.6
6	c2x3x10	C13x20x69	17940	4980	216	5159	14384.7
3	c1x3x10	C3x11x39	1287	477	27	477	446.5
1	c5x6x7	C9x11x13	1287	1077	1	1077	3872.0
2	c3x3x7	C8x8x20	1280	776	8	776	4349.8
1	c3x8x9	C5x15x17	1275	1059	1	1060	4364.5
8	c1x3x7	C8x26x62	12896	2144	512	2216	7975.3
2	c2x4x8	C5x11x23	1265	753	8	757	4448.4
5	c1x2x4	C5x11x23	1265	265	125	265	2.1
7	c1x5x6	C7x39x47	12831	2541	343	2618	10368.3
1	c3x7x10	C5x13x19	1235	1025	1	1025	1276.9
2	c3x4x5	C8x11x14	1232	752	8	752	4347.5
2	c6x9x10	C17x26x29	12818	8498	8	8786	12732.7
4	c1x2x7	C4x9x34	1224	328	64	328	8.4
6	c1x1x5	C6x6x34	1224	144	216	144	2032.5
9	c1x3x5	C9x29x49	12789	1854	729	1854	8570.5
4	c2x6x10	C9x29x49	12789	5109	64	5282	13792.8
3	c1x4x7	C3x15x27	1215	459	27	459	4483.1
1	c5x5x8	C9x9x15	1215	1015	1	1015	617.5
7	c1x3x10	C7x23x79	12719	2429	343	2443	10811.9
8	c2x2x5	C17x17x44	12716	2476	512	2492	11403.8
1	c4x5x10	C7x9x19	1197	997	1	997	160.7
2	c1x8x9	C2x23x26	1196	620	8	620	1577.8
2	c2x5x6	C5x14x17	1190	710	8	714	4456.8
6	c1x5x9	C6x34x62	12648	2928	216	3018	8652.8
1	c4x7x7	C7x13x13	1183	987	1	987	4080.7
3	c5x5x9	C19x19x35	12635	6560	27	6866	14636.9
3	c4x7x8	C15x27x31	12555	6507	27	6760	19297.5
5	c1x1x8	C5x5x47	1175	175	125	175	1.4
2	c2x3x10	C5x8x29	1160	680	8	684	4232.7
2	c1x7x10	C2x20x29	1160	600	8	600	1565.7
8	c2x2x7	C17x17x62	17918	3582	512	3678	11096.6
3	c2x3x4	C7x11x15	1155	507	27	507	3045.6
3	c1x3x9	C3x11x35	1155	426	27	426	3958.5
1	c4x6x8	C7x11x15	1155	963	1	963	110.5
4	c2x2x3	C9x9x14	1134	366	64	366	2584.5
6	c2x3x7	C13x20x48	12480	3408	216	3485	11033.5
7	c1x1x3	C7x7x23	1127	98	343	98	2.8
3	c2x2x6	C7x7x23	1127	479	27	479	1.2
1	c3x8x8	C5x15x15	1125	933	1	933	4167.0
5	c1x8x9	C5x47x53	12455	3455	125	3575	10890.4
1	c3x7x9	C5x13x17	1105	916	1	916	1991.6
2	c2x4x7	C5x11x20	1100	652	8	652	4460.1
1	c5x6x6	C9x11x11	1089	909	1	909	3090.3
2	c3x3x6	C8x8x17	1088	656	8	656	906.7
8	c1x1x2	C8x8x17	1088	64	512	64	1.8
3	c1x5x5	C3x19x19	1083	408	27	408	130.4
1	c2x10x10	C3x19x19	1083	883	1	884	4325.8
1	c4x5x9	C7x9x17	1071	891	1	891	74.0
4	c1x3x4	C4x14x19	1064	296	64	296	7.7
7	c2x2x7	C15x15x55	12375	2771	343	2832	11066.8
2	c1x8x8	C2x23x23	1058	546	8	546	1214.8
1	c5x5x7	C9x9x13	1053	878	1	878	19.5
8	c1x4x5	C8x35x44	12320	2080	512	2144	7464.5
1	c3x6x10	C5x11x19	1045	865	1	865	306.0
4	c1x2x6	C4x9x29	1044	276	64	276	2528.4
4	c4x4x7	C19x19x34	12274	5106	64	5356	17246.3
2	c2x3x9	C5x8x26	1040	608	8	608	838.8
2	c1x7x9	C2x20x26	1040	536	8	536	4191.3
3	c1x4x6	C3x15x23	1035	387	27	387	3031.8
4	c3x6x9	C14x29x44	17864	7496	64	7891	16474.8
5	c1x1x7	C5x5x41	1025	150	125	150	2032.8
3	c1x3x8	C3x11x31	1023	375	27	375	15.6
6	c1x2x2	C6x13x13	1014	150	216	150	2032.4
2	c8x8x8	C23x23x23	12167	8071	8	8364	16368.0
7	c3x3x3	C23x23x23	12167	2906	343	3022	10890.3
3	c6x6x6	C23x23x23	12167	6335	27	6637	13695.8
1	c4x6x7	C7x11x13	1001	833	1	833	3101.0
5	c4x4x4	C23x23x23	12167	4167	125	4363	16137.8
2	c1x6x10	C2x17x29	986	506	8	506	709.5
6	c1x7x9	C6x48x62	17856	4248	216	4391	12126.1
2	c2x5x5	C5x14x14	980	580	8	580	92.0
1	c3x7x8	C5x13x15	975	807	1	807	3736.6
8	c1x2x10	C8x17x89	12104	1864	512	1936	7622.6
6	c1x1x4	C6x6x27	972	108	216	108	3.5
5	c1x7x10	C5x41x59	12095	3345	125	3432	10050.2
1	c2x9x10	C3x17x19	969	789	1	790	3702.6
2	c3x4x4	C8x11x11	968	584	8	584	3527.2
3	c4x6x9	C15x23x35	12075	6243	27	6472	18929.9
1	c4x5x8	C7x9x15	945	785	1	785	204.7
2	c7x8x9	C20x23x26	11960	7928	8	8181	15903.5
7	c1x4x7	C7x31x55	11935	2331	343	2394	9560.1
2	c2x4x6	C5x11x17	935	551	8	551	4252.7
1	c3x6x9	C5x11x17	935	773	1	773	37.1
5	c1x2x3	C5x11x17	935	185	125	185	2032.7
3	c3x8x9	C11x31x35	11935	6103	27	6310	13485.3
3	c2x2x5	C7x7x19	931	391	27	391	15.5
1	c4x4x10	C7x7x19	931	771	1	771	3759.0
4	c2x7x8	C9x34x39	11934	4766	64	4939	13843.2
6	c2x4x5	C13x27x34	11934	3294	216	3382	14570.9
2	c2x3x8	C5x8x23	920	536	8	536	4254.3
2	c1x7x8	C2x20x23	920	472	8	472	4061.3
5	c2x4x8	C11x23x47	11891	3891	125	4012	11597.7
5	c3x3x7	C17x17x41	11849	3974	125	4077	14251.7
6	c1x6x7	C6x41x48	11808	2736	216	2826	10310.3
2	c3x3x5	C8x8x14	896	536	8	536	3044.3
3	c1x3x7	C3x11x27	891	324	27	324	3034.5
9	c1x2x7	C9x19x69	11799	1593	729	1593	5364.1
1	c5x5x6	C9x9x11	891	741	1	741	96.7
3	c5x6x7	C19x23x27	11799	6129	27	6397	14402.8
2	c5x10x10	C14x29x29	11774	7774	8	8018	14236.0
2	c1x6x9	C2x17x26	884	452	8	452	4316.9
4	c3x6x6	C14x29x29	11774	4862	64	5057	13547.4
5	c1x1x6	C5x5x35	875	125	125	125	1.7
1	c2x9x9	C3x17x17	867	705	1	705	116.4
4	c3x4x9	C14x19x44	11704	4792	64	4974	13294.0
4	c1x2x5	C4x9x24	864	224	64	224	6.9
3	c1x4x5	C3x15x19	855	315	27	315	3019.4
1	c3x5x10	C5x9x19	855	705	1	705	3589.4
1	c2x8x10	C3x15x19	855	695	1	695	4176.5
6	c2x2x10	C13x13x69	11661	3021	216	3081	9954.8
3	c2x3x3	C7x11x11	847	361	27	361	2520.6
1	c4x6x6	C7x11x11	847	703	1	703	23.4
1	c3x7x7	C5x13x13	845	698	1	698	3102.2
4	c4x5x8	C19x24x39	17784	7544	64	7954	15758.7
2	c7x7x10	C20x20x29	11600	7680	8	7953	11595.3
1	c4x4x9	C7x7x17	833	689	1	689	117.1
3	c3x7x10	C11x27x39	11583	5913	27	6138	14601.8
1	c3x6x8	C5x11x15	825	681	1	681	3014.9
2	c6x9x9	C17x26x26	11492	7604	8	7852	14370.2
3	c1x2x10	C3x7x39	819	279	27	279	10.1
1	c4x5x7	C7x9x13	819	679	1	679	46.8
8	c2x3x3	C17x26x26	11492	2276	512	2276	8027.0
4	c2x6x9	C9x29x44	11484	4572	64	4769	13461.3
2	c1x5x10	C2x14x29	812	412	8	412	67.4
7	c2x2x10	C15x15x79	17775	4055	343	4157	13972.6
2	c2x3x7	C5x8x20	800	464	8	464	4036.7
2	c1x7x7	C2x20x20	800	408	8	408	4209.3
7	c1x3x9	C7x23x71	11431	2170	343	2219	7341.8
4	c3x5x7	C14x24x34	11424	4704	64	4907	14986.9
4	c1x3x3	C4x14x14	784	208	64	208	2.0
4	c1x1x10	C4x4x49	784	144	64	144	2033.3
2	c1x6x8	C2x17x23	782	398	8	398	231.0
10	c1x2x5	C10x21x54	11340	1340	1000	1340	4097.1
2	c6x8x10	C17x23x29	11339	7499	8	7753	12609.0
2	c2x4x5	C5x11x14	770	450	8	450	47.6
5	c3x4x5	C17x23x29	11339	3839	125	3970	12806.0
1	c3x5x9	C5x9x17	765	630	1	630	3550.8
1	c2x8x9	C3x15x17	765	621	1	621	91.9
9	c2x2x5	C19x19x49	17689	3109	729	3235	12290.3
3	c1x3x6	C3x11x23	759	273	27	273	3.4
1	c2x7x10	C3x13x19	741	601	1	601	115.6
6	c1x5x8	C6x34x55	11220	2580	216	2660	9073.5
7	c1x1x2	C7x7x15	735	49	343	49	1.5
3	c2x2x4	C7x7x15	735	303	27	303	2518.3
3	c1x2x9	C3x7x35	735	249	27	249	9.4
1	c4x4x8	C7x7x15	735	607	1	607	3011.7
3	c5x5x8	C19x19x31	11191	5791	27	6050	12661.5
4	c2x2x2	C9x9x9	729	217	64	217	1.3
4	c4x4x10	C19x19x49	17689	7449	64	7898	20590.5
1	c5x5x5	C9x9x9	729	604	1	604	2041.9
2	c1x5x9	C2x14x26	728	368	8	368	10.0
2	c2x2x10	C5x5x29	725	405	8	405	269.0
5	c1x1x5	C5x5x29	725	100	125	100	1.3
6	c1x4x10	C6x27x69	11178	2538	216	2580	10602.8
6	c1x1x3	C6x6x20	720	72	216	72	1.2
1	c3x6x7	C5x11x13	715	589	1	589	46.8
5	c2x5x6	C11x29x35	11165	3665	125	3774	10790.5
2	c3x3x4	C8x8x11	704	416	8	416	3015.9
4	c1x1x9	C4x4x44	704	128	64	128	2034.5
3	c4x5x10	C15x19x39	11115	5715	27	5968	12735.8
5	c1x8x8	C5x47x47	11045	3045	125	3145	11268.4
1	c4x5x6	C7x9x11	693	573	1	573	2524.6
5	c2x3x10	C11x17x59	11033	3533	125	3646	11189.2
8	c1x3x6	C8x26x53	11024	1808	512	1808	7710.8
4	c4x5x5	C19x24x24	10944	4544	64	4756	10548.6
4	c1x2x4	C4x9x19	684	172	64	172	1.1
2	c2x3x6	C5x8x17	680	392	8	392	21.0
3	c4x7x7	C15x27x27	10935	5643	27	5869	15241.0
2	c1x6x7	C2x17x20	680	344	8	344	91.6
3	c1x4x4	C3x15x15	675	243	27	243	5.5
1	c3x5x8	C5x9x15	675	555	1	555	3040.2
1	c2x8x8	C3x15x15	675	547	1	547	96.6
10	c1x1x10	C10x10x109	10900	900	1000	900	1407.2
8	c1x2x9	C8x17x80	10880	1664	512	1664	3507.8
1	c3x4x10	C5x7x19	665	545	1	545	62.6
1	c2x7x9	C3x13x17	663	537	1	537	84.1
2	c9x9x9	C26x26x26	17576	11744	8	12150	25098.1
5	c1x7x9	C5x41x53	10865	2990	125	3078	10943.4
3	c1x2x8	C3x7x31	651	219	27	219	2520.2
2	c2x2x9	C5x5x26	650	362	8	362	61.6
6	c3x3x4	C20x20x27	10800	3024	216	3072	14207.3
2	c1x5x8	C2x14x23	644	324	8	324	3076.1
2	c1x4x10	C2x11x29	638	318	8	318	24.9
1	c4x4x7	C7x7x13	637	525	1	525	2516.7
8	c3x3x3	C26x26x26	17576	3752	512	3872	15635.1
3	c1x3x5	C3x11x19	627	222	27	222	2047.3
1	c2x6x10	C3x11x19	627	507	1	507	79.7
4	c1x1x8	C4x4x39	624	112	64	112	1.3
7	c2x3x4	C15x23x31	10695	2463	343	2527	10176.9
3	c4x6x8	C15x23x31	10695	5511	27	5703	16529.4
6	c2x3x6	C13x20x41	10660	2884	216	2942	10597.9
7	c1x5x5	C7x39x39	10647	2072	343	2142	7752.4
2	c2x4x4	C5x11x11	605	349	8	349	28.0
1	c3x6x6	C5x11x11	605	497	1	497	2.7
5	c1x2x2	C5x11x11	605	105	125	105	1.1
3	c2x10x10	C7x39x39	10647	5247	27	5405	12232.7
1	c3x4x9	C5x7x17	595	487	1	487	2.9
4	c2x5x10	C9x24x49	10584	4184	64	4351	12006.4
2	c7x8x8	C20x23x23	10580	6996	8	7220	14352.1
1	c3x5x7	C5x9x13	585	480	1	480	8.2
1	c2x7x8	C3x13x15	585	473	1	473	14.5
7	c2x2x6	C15x15x47	10575	2343	343	2399	8675.6
3	c3x8x8	C11x31x31	10571	5387	27	5527	14353.4
2	c1x6x6	C2x17x17	578	290	8	290	3072.3
2	c2x2x8	C5x5x23	575	319	8	319	23.4
5	c1x1x4	C5x5x23	575	75	125	75	1.1
2	c1x4x9	C2x11x26	572	284	8	284	3039.7
3	c1x2x7	C3x7x27	567	189	27	189	2040.7
1	c4x5x5	C7x9x9	567	467	1	467	2.1
2	c5x9x10	C14x26x29	10556	6956	8	7169	14591.7
1	c2x6x9	C3x11x17	561	453	1	453	3020.5
2	c2x3x5	C5x8x14	560	320	8	320	3012.7
2	c1x5x7	C2x14x20	560	280	8	280	3015.6
6	c2x2x9	C13x13x62	10478	2702	216	2747	11790.2
4	c1x1x7	C4x4x34	544	96	64	96	2034.2
9	c2x2x3	C19x19x29	10469	1721	729	1721	7390.8
3	c2x2x3	C7x7x11	539	215	27	215	1.9
1	c4x4x6	C7x7x11	539	443	1	443	3.0
4	c4x4x6	C19x19x29	10469	4325	64	4494	14715.0
4	c2x7x7	C9x34x34	10404	4132	64	4266	10137.9
1	c3x4x8	C5x7x15	525	429	1	429	8.4
2	c7x7x9	C20x20x26	10400	6872	8	7110	16025.4
4	c2x9x9	C9x44x44	17424	7056	64	7347	14358.9
3	c3x7x9	C11x27x35	10395	5292	27	5482	13664.3
1	c2x5x10	C3x9x19	513	413	1	413	3040.5
4	c3x4x8	C14x19x39	10374	4230	64	4380	12383.7
2	c3x3x3	C8x8x8	512	296	8	296	2517.1
5	c2x4x7	C11x23x41	10373	3373	125	3466	13727.4
1	c2x7x7	C3x13x13	507	409	1	409	12.7
2	c1x4x8	C2x11x23	506	250	8	250	3045.8
5	c1x6x10	C5x35x59	10325	2825	125	2913	9732.3
4	c1x2x3	C4x9x14	504	120	64	120	2033.5
2	c2x2x7	C5x5x20	500	276	8	276	8.1
5	c1x10x10	C5x59x59	17405	4905	125	5080	12798.2
3	c1x3x4	C3x11x15	495	171	27	171	1.4
1	c3x5x6	C5x9x11	495	405	1	405	2032.8
1	c2x6x8	C3x11x15	495	399	1	399	0.4
10	c1x3x3	C10x32x32	10240	1240	1000	1240	3426.2
7	c1x4x6	C7x31x47	10199	1967	343	2023	9465.8
9	c1x3x4	C9x29x39	10179	1431	729	1431	4985.6
3	c1x2x6	C3x7x23	483	159	27	159	2.1
4	c2x6x8	C9x29x39	10179	4035	64	4200	13723.5
2	c6x8x9	C17x23x26	10166	6710	8	6940	11255.5
2	c1x5x6	C2x14x17	476	236	8	236	2517.6
1	c3x3x10	C5x5x19	475	385	1	385	1.7
7	c1x3x8	C7x23x63	10143	1911	343	1967	6612.1
8	c1x4x7	C8x35x62	17360	3024	512	3112	16920.5
6	c1x1x2	C6x6x13	468	36	216	36	0.9
2	c1x3x10	C2x8x29	464	224	8	224	3016.1
4	c1x1x6	C4x4x29	464	80	64	80	2032.1
1	c2x5x9	C3x9x17	459	369	1	369	14.7
8	c2x2x4	C17x17x35	10115	1923	512	1923	9062.4
5	c3x3x6	C17x17x35	10115	3365	125	3488	12886.5
1	c3x4x7	C5x7x13	455	371	1	371	4.1
2	c8x9x10	C23x26x29	17342	11582	8	12004	22932.0
9	c1x2x6	C9x19x59	10089	1341	729	1341	3735.4
6	c1x6x6	C6x41x41	10086	2310	216	2370	9050.8
3	c5x6x6	C19x23x23	10051	5191	27	5383	13145.0
1	c4x4x5	C7x7x9	441	361	1	361	2032.6
2	c2x3x4	C5x8x11	440	248	8	248	2032.9
2	c1x4x7	C2x11x20	440	216	8	216	4.0
6	c1x4x9	C6x27x62	10044	2268	216	2326	8343.0
10	c1x3x5	C10x32x54	17280	2280	1000	2326	11194.4
3	c4x5x9	C15x19x35	9975	5115	27	5294	12532.2
1	c2x6x7	C3x11x13	429	345	1	345	2522.9
5	c2x3x9	C11x17x53	9911	3161	125	3244	11649.0
2	c2x2x6	C5x5x17	425	233	8	233	3.4
1	c3x3x9	C5x5x17	425	344	1	344	2524.3
5	c1x1x3	C5x5x17	425	50	125	50	2031.6
3	c3x6x10	C11x23x39	9867	5007	27	5167	13768.6
2	c6x7x10	C17x20x29	9860	6500	8	6715	16531.5
2	c1x3x9	C2x8x26	416	200	8	200	18.1
8	c1x4x4	C8x35x35	9800	1608	512	1608	9384.9
10	c1x1x9	C10x10x98	9800	800	1000	800	847.0
5	c3x5x6	C17x29x35	17255	6005	125	6305	15409.0
6	c1x5x7	C6x34x48	9792	2232	216	2292	10207.2
3	c5x5x7	C19x19x27	9747	5022	27	5223	11431.9
4	c3x5x6	C14x24x29	9744	3984	64	4120	15547.1
1	c3x5x5	C5x9x9	405	330	1	330	0.8
1	c2x5x8	C3x9x15	405	325	1	325	3.2
3	c1x2x5	C3x7x19	399	129	27	129	1564.9
1	c2x4x10	C3x7x19	399	319	1	319	1.5
8	c1x2x8	C8x17x71	9656	1464	512	1464	6941.3
5	c1x7x8	C5x41x47	9635	2635	125	2704	11332.3
2	c1x5x5	C2x14x14	392	192	8	192	6.8
4	c3x3x10	C14x14x49	9604	3844	64	3971	11309.2
4	c1x10x10	C4x49x49	9604	3204	64	3317	9185.1
1	c3x4x6	C5x7x11	385	313	1	313	1563.2
4	c1x1x5	C4x4x24	384	64	64	64	0.3
3	c2x9x10	C7x35x39	9555	4695	27	4824	12629.7
1	c3x3x8	C5x5x15	375	303	1	303	0.6
2	c1x4x6	C2x11x17	374	182	8	182	0.5
4	c2x5x9	C9x24x44	9504	3744	64	3821	13375.9
6	c2x4x4	C13x27x27	9477	2565	216	2625	9158.8
2	c1x3x8	C2x8x23	368	176	8	176	1565.5
3	c1x3x3	C3x11x11	363	120	27	120	1125.9
1	c2x6x6	C3x11x11	363	291	1	291	0.4
2	c5x9x9	C14x26x26	9464	6224	8	6427	14417.7
9	c1x4x5	C9x39x49	17199	2619	729	2718	9366.3
2	c5x8x10	C14x23x29	9338	6138	8	6325	13746.5
1	c1x10x10	C1x19x19	361	261	1	261	4.9
3	c4x6x7	C15x23x27	9315	4779	27	4964	15024.1
6	c2x2x8	C13x13x55	9295	2383	216	2419	10530.2
1	c2x4x9	C3x7x17	357	285	1	285	1563.2
5	c1x6x9	C5x35x53	9275	2525	125	2600	8104.6
3	c1x1x10	C3x3x39	351	81	27	81	1125.8
10	c2x2x2	C21x21x21	9261	1261	1000	1261	4313.0
1	c2x5x7	C3x9x13	351	281	1	281	1564.8
2	c2x2x5	C5x5x14	350	190	8	190	1.7
2	c4x10x10	C11x29x29	9251	6051	8	6237	12561.6
5	c2x5x5	C11x29x29	9251	3001	125	3099	10951.3
4	c2x8x10	C9x39x49	17199	6959	64	7228	17296.0
3	c2x2x2	C7x7x7	343	127	27	127	0.5
1	c4x4x4	C7x7x7	343	279	1	279	1125.2
3	c3x7x8	C11x27x31	9207	4671	27	4805	13965.0
2	c7x7x8	C20x20x23	9200	6064	8	6246	14585.2
8	c1x3x5	C8x26x44	9152	1472	512	1488	8025.2
4	c3x4x7	C14x19x34	9044	3668	64	3745	14657.4
7	c1x5x8	C7x39x63	17199	3479	343	3575	13717.5
10	c1x2x4	C10x21x43	9030	1030	1000	1030	5508.4
2	c6x8x8	C17x23x23	8993	5921	8	6106	13423.0
5	c3x4x4	C17x23x23	8993	2993	125	3064	9152.7
1	c3x3x7	C5x5x13	325	262	1	262	1562.9
4	c1x2x2	C4x9x9	324	68	64	68	0.3
1	c1x9x10	C1x17x19	323	233	1	233	1566.9
2	c2x3x3	C5x8x8	320	176	8	176	1565.0
2	c1x3x7	C2x8x20	320	152	8	152	1564.2
7	c1x4x10	C7x31x79	17143	3423	343	3507	10303.6
6	c1x4x8	C6x27x55	8910	1998	216	2046	6468.2
3	c1x2x4	C3x7x15	315	99	27	99	0.4
3	c1x1x9	C3x3x35	315	72	27	72	1125.6
4	c2x6x7	C9x29x34	8874	3498	64	3608	10684.5
1	c3x4x5	C5x7x9	315	255	1	255	0.0
1	c2x4x8	C3x7x15	315	251	1	251	1563.6
7	c1x3x7	C7x23x55	8855	1652	343	1708	7634.6
3	c3x6x9	C11x23x35	8855	4481	27	4621	14425.4
2	c1x4x5	C2x11x14	308	148	8	148	1.6
5	c2x4x6	C11x23x35	8855	2855	125	2906	9230.3
4	c1x1x4	C4x4x19	304	48	64	48	1125.2
2	c6x7x9	C17x20x26	8840	5816	8	5994	13988.3
6	c2x3x5	C13x20x34	8840	2360	216	2409	11507.3
3	c4x5x8	C15x19x31	8835	4515	27	4690	13653.0
1	c2x5x6	C3x9x11	297	237	1	237	0.1
5	c2x3x8	C11x17x47	8789	2789	125	2829	9315.9
7	c2x2x5	C15x15x39	8775	1915	343	1948	6973.8
3	c4x4x10	C15x15x39	8775	4455	27	4604	11779.6
10	c1x1x8	C10x10x87	8700	700	1000	700	121.3
2	c1x2x10	C2x5x29	290	130	8	130	2.9
1	c1x9x9	C1x17x17	289	208	1	208	1126.3
4	c4x4x5	C19x19x24	8664	3544	64	3690	12353.8
1	c2x3x10	C3x5x19	285	225	1	225	1563.2
4	c3x3x9	C14x14x44	8624	3440	64	3527	13704.1
1	c1x8x10	C1x15x19	285	205	1	205	1.0
4	c1x9x10	C4x44x49	8624	2864	64	2944	10240.9
3	c2x9x9	C7x35x35	8575	4201	27	4321	12837.1
3	c1x1x8	C3x3x31	279	63	27	63	1125.5
5	c1x5x10	C5x29x59	8555	2305	125	2370	8531.9
5	c3x3x10	C17x17x59	17051	5801	125	6059	20891.3
2	c2x2x4	C5x5x11	275	147	8	147	1125.7
1	c3x3x6	C5x5x11	275	221	1	221	1125.1
5	c1x1x2	C5x5x11	275	25	125	25	0.3
1	c2x4x7	C3x7x13	273	217	1	217	1562.7
2	c1x3x6	C2x8x17	272	128	8	128	0.3
7	c1x4x5	C7x31x39	8463	1603	343	1603	4264.7
3	c2x8x10	C7x31x39	8463	4143	27	4260	8818.6
8	c1x2x7	C8x17x62	8432	1264	512	1264	7112.4
3	c5x6x10	C19x23x39	17043	8943	27	9375	18361.2
4	c2x5x8	C9x24x39	8424	3304	64	3363	13035.9
5	c1x7x7	C5x41x41	8405	2280	125	2335	8388.9
2	c6x6x10	C17x17x29	8381	5501	8	5655	13176.7
2	c1x2x9	C2x5x26	260	116	8	116	1126.1
5	c3x3x5	C17x17x29	8381	2756	125	2801	11959.9
9	c1x2x5	C9x19x49	8379	1089	729	1089	5001.3
4	c2x4x10	C9x19x49	8379	3259	64	3350	9706.4
2	c5x8x9	C14x23x26	8372	5492	8	5661	11636.9
6	c1x5x6	C6x34x41	8364	1884	216	1932	7099.1
1	c2x3x9	C3x5x17	255	201	1	201	0.2
1	c1x8x9	C1x15x17	255	183	1	183	1129.6
3	c5x5x6	C19x19x23	8303	4253	27	4415	12406.0
7	c1x2x10	C7x15x79	8295	1435	343	1449	5970.8
1	c1x7x10	C1x13x19	247	177	1	177	0.6
2	c4x9x10	C11x26x29	8294	5414	8	5568	9506.1
1	c3x4x4	C5x7x7	245	197	1	197	1125.0
6	c1x3x10	C6x20x69	8280	1800	216	1842	6869.0
3	c1x1x7	C3x3x27	243	54	27	54	0.3
6	c1x6x10	C6x41x69	16974	4014	216	4140	13062.3
1	c2x5x5	C3x9x9	243	193	1	193	0.1
2	c1x4x4	C2x11x11	242	114	8	114	1125.7
5	c1x6x8	C5x35x47	8225	2225	125	2255	10643.1
3	c3x5x10	C11x19x39	8151	4101	27	4226	12806.0
2	c5x7x10	C14x20x29	8120	5320	8	5481	12886.0
3	c1x2x3	C3x7x11	231	69	27	69	1125.6
1	c2x4x6	C3x7x11	231	183	1	183	1125.3
2	c1x2x8	C2x5x23	230	102	8	102	0.2
6	c2x2x7	C13x13x48	8112	2064	216	2113	10613.5
4	c3x5x5	C14x24x24	8064	3264	64	3373	12071.7
1	c3x3x5	C5x5x9	225	180	1	180	1125.2
1	c2x3x8	C3x5x15	225	177	1	177	0.2
1	c1x8x8	C1x15x15	225	161	1	161	1125.5
2	c1x3x5	C2x8x14	224	104	8	104	0.2
4	c1x1x3	C4x4x14	224	32	64	32	1125.3
9	c1x2x10	C9x19x99	16929	2349	729	2393	8382.1
1	c1x7x9	C1x13x17	221	158	1	158	1125.5
9	c1x1x10	C9x9x99	8019	729	729	729	4557.5
3	c3x7x7	C11x27x27	8019	4050	27	4182	11445.3
2	c7x7x7	C20x20x20	8000	5256	8	5411	14895.7
6	c3x3x3	C20x20x20	8000	2168	216	2217	9032.9
7	c2x3x3	C15x23x23	7935	1761	343	1761	8036.8
5	c2x5x9	C11x29x53	16907	5657	125	5893	17089.8
3	c4x6x6	C15x23x23	7935	4047	27	4209	12014.3
1	c1x6x10	C1x11x19	209	149	1	149	0.6
3	c4x4x9	C15x15x35	7875	3987	27	4114	9258.1
3	c3x6x8	C11x23x31	7843	3955	27	4083	10962.7
3	c1x1x6	C3x3x23	207	45	27	45	1125.4
2	c6x7x8	C17x20x23	7820	5132	8	5310	9926.8
6	c1x4x7	C6x27x48	7776	1728	216	1776	6547.7
6	c2x4x7	C13x27x48	16848	4752	216	4917	17326.7
2	c2x2x3	C5x5x8	200	104	8	104	0.1
2	c1x2x7	C2x5x20	200	88	8	88	1125.9
4	c1x9x9	C4x44x44	7744	2560	64	2636	8528.1
4	c3x4x6	C14x19x29	7714	3106	64	3173	11945.8
3	c4x5x7	C15x19x27	7695	3915	27	4035	11667.4
1	c2x3x7	C3x5x13	195	153	1	153	1125.3
1	c1x7x8	C1x13x15	195	139	1	139	1125.3
5	c1x5x9	C5x29x53	7685	2060	125	2105	9212.7
5	c2x3x7	C11x17x41	7667	2417	125	2467	9179.6
4	c3x3x8	C14x14x39	7644	3036	64	3123	10709.9
4	c1x8x10	C4x39x49	7644	2524	64	2580	9527.6
1	c2x4x5	C3x7x9	189	149	1	149	0.0
10	c1x1x7	C10x10x76	7600	600	1000	600	3031.9
3	c2x8x9	C7x31x35	7595	3707	27	3797	10550.3
2	c7x10x10	C20x29x29	16820	11220	8	11616	21064.9
1	c1x6x9	C1x11x17	187	133	1	133	1125.2
9	c1x3x3	C9x29x29	7569	1008	729	1008	2276.7
4	c2x6x6	C9x29x29	7569	2961	64	3050	11871.9
7	c1x3x6	C7x23x47	7567	1393	343	1407	6802.2
4	c2x4x9	C9x19x44	7524	2916	64	3000	9681.4
2	c6x6x9	C17x17x26	7514	4922	8	5063	11969.6
8	c2x2x3	C17x17x26	7514	1370	512	1370	7521.8
2	c1x3x4	C2x8x11	176	80	8	80	1125.2
7	c1x2x9	C7x15x71	7455	1281	343	1337	4636.3
1	c3x3x4	C5x5x7	175	139	1	139	1125.1
6	c1x3x9	C6x20x62	7440	1608	216	1650	6813.8
2	c4x9x9	C11x26x26	7436	4844	8	4973	10410.1
2	c5x8x8	C14x23x23	7406	4846	8	4997	11916.3
3	c1x1x5	C3x3x19	171	36	27	36	0.3
1	c2x2x10	C3x3x19	171	131	1	131	0.1
1	c1x5x10	C1x9x19	171	121	1	121	0.1
2	c1x2x6	C2x5x17	170	74	8	74	1125.5
3	c2x7x10	C7x27x39	7371	3591	27	3691	9206.6
1	c1x7x7	C1x13x13	169	120	1	120	0.3
4	c2x5x7	C9x24x34	7344	2864	64	2933	11499.7
2	c4x8x10	C11x23x29	7337	4777	8	4907	13281.4
5	c2x4x5	C11x23x29	7337	2337	125	2372	8968.7
3	c6x7x7	C23x27x27	16767	8829	27	9261	17563.0
1	c2x3x6	C3x5x11	165	129	1	129	1125.1
1	c1x6x8	C1x11x15	165	117	1	117	0.2
3	c3x5x9	C11x19x35	7315	3670	27	3735	11945.9
2	c5x7x9	C14x20x26	7280	4760	8	4893	10139.8
8	c1x3x4	C8x26x35	7280	1136	512	1136	3525.7
9	c1x1x9	C9x9x89	7209	648	729	648	284.3
8	c1x2x6	C8x17x53	7208	1064	512	1064	7393.4
5	c1x6x7	C5x35x41	7175	1925	125	1974	7206.8
5	c2x2x10	C11x11x59	7139	2139	125	2169	7310.2
1	c2x2x9	C3x3x17	153	117	1	117	0.0
1	c1x5x9	C1x9x17	153	108	1	108	0.4
3	c3x10x10	C11x39x39	16731	8631	27	8955	19221.2
6	c2x3x4	C13x20x27	7020	1836	216	1836	6926.1
3	c1x2x2	C3x7x7	147	39	27	39	0.1
1	c2x4x4	C3x7x7	147	115	1	115	0.1
4	c5x5x6	C24x24x29	16704	7104	64	7503	16651.6
7	c2x2x4	C15x15x31	6975	1487	343	1487	6253.3
3	c4x4x8	C15x15x31	6975	3519	27	3623	10400.4
4	c1x1x2	C4x4x9	144	16	64	16	0.3
1	c1x6x7	C1x11x13	143	101	1	101	1125.0
6	c1x5x5	C6x34x34	6936	1536	216	1548	7546.5
2	c1x2x5	C2x5x14	140	60	8	60	1125.4
6	c2x2x6	C13x13x41	6929	1745	216	1745	7018.1
8	c1x3x9	C8x26x80	16640	2816	512	2912	11036.1
2	c5x6x10	C14x17x29	6902	4502	8	4635	10839.3
4	c1x8x9	C4x39x44	6864	2256	64	2319	7128.1
3	c1x1x4	C3x3x15	135	27	27	27	0.1
9	c2x2x2	C19x19x19	6859	1027	729	1027	2849.9
1	c2x3x5	C3x5x9	135	105	1	105	1125.1
1	c2x2x8	C3x3x15	135	103	1	103	1125.1
4	c4x4x4	C19x19x19	6859	2763	64	2842	10429.0
1	c1x5x8	C1x9x15	135	95	1	95	0.0
3	c5x5x5	C19x19x19	6859	3484	27	3584	10434.1
1	c10x10x10	C19x19x19	6859	5859	1	5889	6863.6
1	c1x4x10	C1x7x19	133	93	1	93	0.1
3	c3x6x7	C11x23x27	6831	3429	27	3540	11986.7
5	c1x5x8	C5x29x47	6815	1815	125	1860	6913.3
2	c6x7x7	C17x20x20	6800	4448	8	4580	13318.4
4	c3x5x10	C14x24x49	16464	6864	64	7227	15655.9
5	c1x4x10	C5x23x59	6785	1785	125	1825	6641.2
2	c1x3x3	C2x8x8	128	56	8	56	0.1
2	c3x10x10	C8x29x29	6728	4328	8	4436	10328.0
7	c1x4x4	C7x31x31	6727	1239	343	1239	4296.5
3	c2x8x8	C7x31x31	6727	3271	27	3359	9611.5
10	c1x2x3	C10x21x32	6720	720	1000	720	90.6
2	c2x2x2	C5x5x5	125	61	8	61	1125.4
6	c3x3x6	C20x20x41	16400	4736	216	4891	16696.3
1	c3x3x3	C5x5x5	125	98	1	98	0.0
9	c1x2x4	C9x19x39	6669	837	729	837	803.7
1	c1x6x6	C1x11x11	121	85	1	85	0.1
4	c2x4x8	C9x19x39	6669	2573	64	2625	9365.3
7	c3x3x4	C23x23x31	16399	4051	343	4192	13404.6
4	c3x3x7	C14x14x34	6664	2632	64	2683	8459.1
4	c1x7x10	C4x34x49	6664	2184	64	2228	8232.4
1	c1x4x9	C1x7x17	119	83	1	83	1125.1
2	c6x6x8	C17x17x23	6647	4343	8	4468	7891.5
5	c3x3x4	C17x17x23	6647	2147	125	2166	11339.7
6	c1x4x6	C6x27x41	6642	1458	216	1494	7553.2
1	c2x2x7	C3x3x13	117	89	1	89	0.0
1	c1x5x7	C1x9x13	117	82	1	82	1125.1
2	c1x1x10	C2x2x29	116	36	8	36	0.1
3	c6x6x8	C23x23x31	16399	8623	27	9065	19033.6
7	c1x2x8	C7x15x63	6615	1127	343	1127	3894.3
3	c2x7x9	C7x27x35	6615	3213	27	3294	10077.8
6	c1x3x8	C6x20x55	6600	1416	216	1416	5488.9
2	c1x2x4	C2x5x11	110	46	8	46	0.1
2	c4x8x9	C11x23x26	6578	4274	8	4383	11117.5
3	c4x5x6	C15x19x23	6555	3315	27	3390	10976.7
5	c2x3x6	C11x17x35	6545	2045	125	2080	9721.4
10	c1x1x6	C10x10x65	6500	500	1000	500	2525.5
1	c2x3x4	C3x5x7	105	81	1	81	1125.0
1	c1x4x8	C1x7x15	105	73	1	73	1125.1
2	c1x1x9	C2x2x26	104	32	8	32	1125.2
3	c3x5x8	C11x19x31	6479	3239	27	3334	9113.8
2	c5x7x8	C14x20x23	6440	4200	8	4322	8821.1
3	c3x4x10	C11x15x39	6435	3195	27	3269	9547.6
5	c2x2x9	C11x11x53	6413	1913	125	1943	8096.3
3	c1x1x3	C3x3x11	99	18	27	18	0.1
1	c2x2x6	C3x3x11	99	75	1	75	1125.1
1	c1x5x6	C1x9x11	99	69	1	69	0.0
9	c1x1x8	C9x9x79	6399	567	729	567	3064.0
4	c3x4x5	C14x19x24	6384	2544	64	2637	8388.0
2	c4x7x10	C11x20x29	6380	4140	8	4242	10926.4
1	c1x3x10	C1x5x19	95	65	1	65	1125.0
3	c4x8x9	C15x31x35	16275	8499	27	8892	20695.1
2	c1x1x8	C2x2x23	92	28	8	28	1125.1
1	c1x4x7	C1x7x13	91	63	1	63	0.0
7	c1x3x5	C7x23x39	6279	1134	343	1134	4406.0
3	c2x6x10	C7x23x39	6279	3039	27	3107	9158.3
7	c2x3x6	C15x23x47	16215	3867	343	3970	15590.3
4	c2x5x6	C9x24x29	6264	2424	64	2465	8075.6
4	c3x7x7	C14x34x34	16184	6776	64	7128	17281.9
1	c1x3x9	C1x5x17	85	58	1	58	1125.1
2	c5x6x9	C14x17x26	6188	4028	8	4139	9133.6
4	c2x3x10	C9x14x49	6174	2334	64	2376	8695.0
1	c9x10x10	C17x19x19	6137	5237	1	5260	7052.1
5	c1x6x6	C5x35x35	6125	1625	125	1660	5679.6
1	c2x2x5	C3x3x9	81	61	1	61	0.0
1	c1x5x5	C1x9x9	81	56	1	56	1125.0
5	c1x4x9	C5x23x53	6095	1595	125	1630	8254.6
2	c1x2x3	C2x5x8	80	32	8	32	0.1
2	c1x1x7	C2x2x20	80	24	8	24	1125.1
4	c1x8x8	C4x39x39	6084	1988	64	2028	8908.3
3	c4x4x7	C15x15x27	6075	3051	27	3135	10104.5
2	c3x9x10	C8x26x29	6032	3872	8	3958	8619.9
1	c1x4x6	C1x7x11	77	53	1	53	1125.0
4	c1x7x9	C4x34x44	5984	1952	64	1984	7884.0
8	c1x2x5	C8x17x44	5984	864	512	864	5307.0
6	c2x3x9	C13x20x62	16120	4456	216	4575	13528.8
1	c2x3x3	C3x5x5	75	57	1	57	0.0
1	c1x3x8	C1x5x15	75	51	1	51	1125.0
5	c1x5x7	C5x29x41	5945	1570	125	1605	7690.9
3	c2x7x8	C7x27x31	5859	2835	27	2894	7027.2
2	c4x8x8	C11x23x23	5819	3771	8	3861	9483.7
3	c3x6x6	C11x23x23	5819	2903	27	2958	11746.5
2	c1x1x6	C2x2x17	68	20	8	20	1125.1
5	c2x4x4	C11x23x23	5819	1819	125	1829	8006.6
4	c2x4x7	C9x19x34	5814	2230	64	2274	7826.2
2	c6x6x7	C17x17x20	5780	3764	8	3874	10118.8
1	c1x3x7	C1x5x13	65	44	1	44	1125.0
7	c1x2x7	C7x15x55	5775	973	343	973	6298.2
5	c3x4x7	C17x23x41	16031	5531	125	5803	15676.4
3	c3x4x9	C11x15x35	5775	2859	27	2906	11670.9
6	c1x3x7	C6x20x48	5760	1224	216	1224	5437.6
3	c1x1x2	C3x3x7	63	9	27	9	1125.1
1	c2x2x4	C3x3x7	63	47	1	47	0.0
1	c1x4x5	C1x7x9	63	43	1	43	0.0
6	c2x2x5	C13x13x34	5746	1426	216	1426	8113.6
9	c2x3x3	C19x29x29	15979	2857	729	2857	10948.4
2	c4x7x9	C11x20x26	5720	3704	8	3793	9759.6
8	c1x1x10	C8x8x89	5696	576	512	576	76.6
5	c2x2x8	C11x11x47	5687	1687	125	1697	7301.6
2	c5x5x10	C14x14x29	5684	3684	8	3769	9658.6
4	c3x3x6	C14x14x29	5684	2228	64	2277	7423.5
4	c1x6x10	C4x29x49	5684	1844	64	1872	6846.3
4	c4x6x6	C19x29x29	15979	6763	64	7150	21102.0
3	c3x5x7	C11x19x27	5643	2808	27	2877	9568.8
3	c2x6x9	C7x23x35	5635	2719	27	2755	9690.7
2	c5x7x7	C14x20x20	5600	3640	8	3744	9149.5
1	c1x2x10	C1x3x19	57	37	1	37	0.0
9	c1x1x7	C9x9x69	5589	486	729	486	93.8
7	c2x2x9	C15x15x71	15975	3627	343	3705	11142.4
2	c1x1x5	C2x2x14	56	16	8	16	750.0
4	c2x3x9	C9x14x44	5544	2088	64	2128	7225.8
1	c1x3x6	C1x5x11	55	37	1	37	0.0
6	c1x4x5	C6x27x34	5508	1188	216	1200	7293.9
10	c1x2x7	C10x21x76	15960	1960	1000	1960	6884.9
1	c9x9x10	C17x17x19	5491	4681	1	4701	6076.8
2	c5x6x8	C14x17x23	5474	3554	8	3647	11399.4
3	c5x7x8	C19x27x31	15903	8343	27	8714	18881.9
2	c4x6x10	C11x17x29	5423	3503	8	3588	10596.5
5	c2x3x5	C11x17x29	5423	1673	125	1698	7769.4
3	c4x5x5	C15x19x19	5415	2715	27	2781	8413.0
1	c1x2x9	C1x3x17	51	33	1	33	0.0
1	c8x10x10	C15x19x19	5415	4615	1	4633	6867.7
2	c3x9x9	C8x26x26	5408	3464	8	3544	9060.2
8	c1x3x3	C8x26x26	5408	800	512	800	715.7
5	c1x4x8	C5x23x47	5405	1405	125	1434	5044.8
2	c1x2x2	C2x5x5	50	18	8	18	750.1
10	c1x1x5	C10x10x54	5400	400	1000	400	63.9
4	c4x4x9	C19x19x44	15884	6668	64	7045	16884.7
1	c1x4x4	C1x7x7	49	33	1	33	750.0
6	c1x2x10	C6x13x69	5382	1062	216	1062	2443.5
2	c3x8x10	C8x23x29	5336	3416	8	3507	7704.3
6	c1x7x8	C6x48x55	15840	3744	216	3868	13261.2
4	c1x7x8	C4x34x39	5304	1720	64	1747	7183.7
4	c3x6x8	C14x29x39	15834	6618	64	6863	17826.7
1	c2x2x3	C3x3x5	45	33	1	33	750.0
1	c1x3x5	C1x5x9	45	30	1	30	0.0
1	c1x2x8	C1x3x15	45	29	1	29	0.0
6	c2x3x3	C13x20x20	5200	1312	216	1312	7674.4
2	c1x1x4	C2x2x11	44	12	8	12	0.0
3	c2x5x10	C7x19x39	5187	2487	27	2530	8566.2
4	c2x5x5	C9x24x24	5184	1984	64	2032	7208.1
3	c4x7x10	C15x27x39	15795	8235	27	8605	19846.7
